ticket_id,created_date,priority,category,department,resolution_hours,sla_breached,assigned_team,satisfaction_score,reopen_count
TKT-0001,2023-05-29,Medium,Hardware,Engineering,69.2,0,Team-C,4.4,1
TKT-0002,2023-01-27,High,Other,HR,34.3,1,Team-A,1.4,0
TKT-0003,2023-03-09,Medium,Email,HR,61.4,0,Team-C,,1
TKT-0004,2023-03-19,High,Other,Sales,13.0,0,Team-C,3.8,1
TKT-0005,2023-01-17,Medium,Software,Engineering,35.2,0,Team-B,4.4,0
TKT-0006,2023-07-16,Low,Hardware,Marketing,54.3,0,Team-D,3.2,1
TKT-0007,2023-05-16,Medium,Network,Engineering,60.7,0,Team-B,2.2,0
TKT-0008,2023-04-30,Medium,Access,Marketing,68.3,0,Team-D,4.8,0
TKT-0009,2023-08-18,Low,Access,Marketing,1.3,0,Team-C,4.8,2
TKT-0010,2023-08-10,Critical,Email,Marketing,5.3,1,Team-C,3.4,0
TKT-0011,2023-12-12,High,Other,Finance,47.3,1,Team-B,2.0,0
TKT-0012,2023-01-05,Low,Network,Engineering,22.9,0,Team-D,2.0,0
TKT-0013,2023-04-09,Medium,Network,Engineering,16.2,0,Team-A,2.8,0
TKT-0014,2023-03-04,Low,Other,Engineering,16.0,0,Team-A,3.8,1
TKT-0015,2023-04-05,Medium,Network,Marketing,64.8,0,Team-B,3.7,0
TKT-0016,2023-05-22,Low,Access,Marketing,46.2,0,Team-C,4.8,0
TKT-0017,2023-01-31,Medium,Software,HR,5.0,0,Team-B,3.2,0
TKT-0018,2023-09-09,Low,Network,Finance,44.1,0,Team-D,2.5,0
TKT-0019,2023-02-07,Low,Network,Operations,51.7,0,Team-C,,1
TKT-0020,2023-01-20,Medium,Other,Sales,47.2,0,Team-C,2.0,0
TKT-0021,2023-09-09,Medium,Access,Sales,0.8,0,Team-D,4.1,1
TKT-0022,2023-12-19,Low,Access,Engineering,39.1,0,Team-C,2.0,0
TKT-0023,2023-07-07,High,Email,HR,71.8,1,Team-A,2.6,1
TKT-0024,2023-07-16,Medium,Other,Finance,15.0,0,Team-C,3.7,0
TKT-0025,2023-11-20,Medium,Access,Marketing,26.2,0,Team-B,2.3,0
TKT-0026,2023-02-02,Medium,Email,Marketing,42.9,0,Team-C,3.5,0
TKT-0027,2023-06-23,Low,Network,HR,69.6,0,Team-A,2.0,0
TKT-0028,2023-10-02,Medium,Hardware,Marketing,37.9,0,Team-B,,2
TKT-0029,2023-11-13,High,Network,Finance,47.2,1,Team-B,2.2,0
TKT-0030,2023-11-09,Low,Hardware,Operations,59.2,0,Team-A,2.3,1
TKT-0031,2023-04-14,Medium,Access,HR,57.6,0,Team-D,2.7,0
TKT-0032,2023-04-20,Medium,Network,Operations,10.3,0,Team-B,4.5,0
TKT-0033,2023-10-11,High,Hardware,Sales,30.2,1,Team-B,,2
TKT-0034,2023-03-22,High,Network,Sales,61.1,1,Team-A,2.5,0
TKT-0035,2023-08-02,High,Other,Sales,47.1,1,Team-B,3.2,0
TKT-0036,2023-11-09,Medium,Other,Engineering,30.0,0,Team-B,4.8,1
TKT-0037,2023-08-03,High,Network,Operations,59.6,1,Team-B,1.8,0
TKT-0038,2023-10-04,Low,Email,Finance,44.8,0,Team-D,4.6,1
TKT-0039,2023-12-17,Medium,Access,Sales,14.4,0,Team-B,4.4,0
TKT-0040,2023-05-09,High,Software,Operations,26.5,1,Team-D,1.5,0
TKT-0041,2023-09-06,Low,Email,Engineering,13.1,0,Team-A,4.4,1
TKT-0042,2023-12-13,Medium,Software,Finance,23.8,0,Team-A,2.6,0
TKT-0043,2023-04-23,Medium,Network,Sales,62.7,0,Team-D,3.1,0
TKT-0044,2023-07-11,High,Hardware,Sales,44.1,1,Team-B,1.4,0
TKT-0045,2023-01-31,High,Software,Finance,9.6,0,Team-A,4.1,1
TKT-0046,2023-11-06,High,Hardware,Marketing,25.1,1,Team-B,3.2,0
TKT-0047,2023-04-21,High,Email,Sales,29.9,1,Team-D,2.3,0
TKT-0048,2023-10-24,Medium,Hardware,Operations,18.1,0,Team-B,3.0,2
TKT-0049,2023-09-16,Medium,Network,Sales,3.7,0,Team-D,5.0,0
TKT-0050,2023-10-13,Low,Network,Marketing,32.8,0,Team-D,2.7,2
TKT-0051,2023-09-03,Medium,Other,HR,46.8,0,Team-B,2.3,1
TKT-0052,2023-03-12,Medium,Other,Sales,2.2,0,Team-B,3.4,1
TKT-0053,2023-02-06,Medium,Access,Marketing,45.8,0,Team-C,4.6,0
TKT-0054,2023-10-22,Low,Hardware,Marketing,50.4,0,Team-A,3.8,0
TKT-0055,2023-07-06,Low,Network,Engineering,37.3,0,Team-D,4.7,0
TKT-0056,2023-02-04,Medium,Email,Marketing,13.0,0,Team-B,3.7,0
TKT-0057,2023-10-25,Medium,Other,Finance,46.9,0,Team-B,4.2,0
TKT-0058,2023-07-10,Medium,Software,Sales,30.7,0,Team-D,2.2,0
TKT-0059,2023-05-30,Medium,Access,Operations,38.5,0,Team-C,4.5,1
TKT-0060,2023-08-23,Low,Network,Engineering,67.8,0,Team-D,2.2,1
TKT-0061,2023-12-23,Low,Hardware,Sales,8.3,0,Team-B,2.8,1
TKT-0062,2023-10-05,Medium,Hardware,Sales,21.5,0,Team-C,4.9,0
TKT-0063,2023-09-24,Critical,Other,HR,0.7,0,Team-D,4.4,0
TKT-0064,2023-09-29,Low,Email,Sales,35.3,0,Team-D,4.0,0
TKT-0065,2023-09-05,Low,Software,HR,12.8,0,Team-A,2.8,0
TKT-0066,2023-10-02,Low,Software,Finance,44.7,0,Team-B,2.5,1
TKT-0067,2023-01-22,Medium,Software,Operations,11.5,0,Team-B,2.7,0
TKT-0068,2023-06-26,High,Hardware,HR,51.1,1,Team-D,2.7,0
TKT-0069,2023-09-13,Medium,Hardware,Sales,66.3,0,Team-C,3.2,0
TKT-0070,2023-06-01,Medium,Access,HR,36.8,0,Team-B,3.9,1
TKT-0071,2023-09-03,Low,Network,Finance,24.7,0,Team-A,2.3,0
TKT-0072,2023-01-29,Low,Email,Marketing,32.4,0,Team-B,2.3,0
TKT-0073,2023-10-03,Low,Access,Marketing,20.4,0,Team-A,2.1,2
TKT-0074,2023-01-29,Medium,Other,HR,43.6,0,Team-D,3.5,0
TKT-0075,2023-06-29,Medium,Software,Sales,27.2,0,Team-A,2.9,0
TKT-0076,2023-03-25,Medium,Other,Sales,30.2,0,Team-D,3.3,0
TKT-0077,2023-09-26,High,Software,Engineering,15.4,0,Team-D,3.4,0
TKT-0078,2023-12-30,Low,Email,Finance,30.1,0,Team-B,3.7,0
TKT-0079,2023-10-27,Medium,Software,Sales,3.5,0,Team-D,4.5,0
TKT-0080,2023-11-22,High,Access,Engineering,22.0,0,Team-C,3.9,0
TKT-0081,2023-05-22,Medium,Access,Engineering,18.0,0,Team-C,2.4,0
TKT-0082,2023-12-22,Low,Network,HR,45.4,0,Team-A,3.4,1
TKT-0083,2023-03-11,High,Software,Finance,23.4,0,Team-A,4.6,0
TKT-0084,2023-09-29,Low,Other,Engineering,26.0,0,Team-B,2.9,1
TKT-0085,2023-06-11,High,Other,HR,54.3,1,Team-C,2.4,0
TKT-0086,2023-01-07,High,Hardware,Operations,42.0,1,Team-C,3.1,0
TKT-0087,2023-03-21,Medium,Email,Finance,65.6,0,Team-B,2.3,1
TKT-0088,2023-12-31,Medium,Email,Marketing,68.6,0,Team-A,4.5,0
TKT-0089,2023-06-28,High,Software,Marketing,9.9,0,Team-C,2.1,0
TKT-0090,2023-03-30,Low,Other,HR,37.9,0,Team-A,4.9,1
TKT-0091,2023-06-07,High,Hardware,Finance,50.1,1,Team-B,2.7,3
TKT-0092,2023-09-05,Low,Access,Engineering,8.5,0,Team-B,2.1,0
TKT-0093,2023-05-10,Medium,Network,Engineering,4.7,0,Team-C,2.4,0
TKT-0094,2023-04-13,Low,Hardware,Marketing,66.3,0,Team-C,2.6,0
TKT-0095,2023-06-30,Medium,Hardware,Operations,20.3,0,Team-B,3.7,0
TKT-0096,2023-04-09,Low,Software,Finance,55.1,0,Team-A,3.6,2
TKT-0097,2023-07-07,High,Other,Operations,36.5,1,Team-B,2.8,0
TKT-0098,2023-04-20,High,Email,Finance,25.9,1,Team-D,1.9,0
TKT-0099,2023-07-04,High,Other,HR,8.4,0,Team-A,2.4,0
TKT-0100,2023-12-18,Medium,Access,Finance,33.2,0,Team-D,4.2,0
TKT-0101,2023-09-01,High,Other,HR,5.5,0,Team-B,4.5,0
TKT-0102,2023-12-13,Medium,Network,Engineering,28.8,0,Team-B,3.6,0
TKT-0103,2023-03-28,Low,Network,HR,53.5,0,Team-B,4.7,0
TKT-0104,2023-09-13,Low,Software,Marketing,9.3,0,Team-C,4.5,1
TKT-0105,2023-07-27,Low,Access,Operations,26.0,0,Team-C,4.0,0
TKT-0106,2023-03-10,High,Network,Engineering,35.5,1,Team-A,1.6,1
TKT-0107,2023-06-05,Critical,Email,Operations,5.0,1,Team-A,1.8,1
TKT-0108,2023-05-31,Medium,Other,Sales,35.7,0,Team-D,3.4,0
TKT-0109,2023-01-17,Low,Access,Engineering,39.1,0,Team-D,2.1,0
TKT-0110,2023-12-04,Medium,Software,Marketing,3.1,0,Team-B,2.5,0
TKT-0111,2023-12-12,Medium,Access,Marketing,35.4,0,Team-D,2.3,0
TKT-0112,2023-07-13,Medium,Email,Marketing,28.5,0,Team-C,3.5,1
TKT-0113,2023-07-07,High,Software,Marketing,42.7,1,Team-A,1.3,1
TKT-0114,2023-07-30,Medium,Software,Engineering,31.1,0,Team-B,5.0,0
TKT-0115,2023-06-06,Medium,Network,HR,65.6,0,Team-B,2.2,0
TKT-0116,2023-08-04,Medium,Software,Engineering,62.2,0,Team-D,3.7,0
TKT-0117,2023-09-08,Medium,Network,Marketing,28.4,0,Team-B,3.7,0
TKT-0118,2023-07-06,Low,Access,Finance,24.8,0,Team-D,3.8,0
TKT-0119,2023-05-16,High,Network,HR,61.3,1,Team-D,1.5,1
TKT-0120,2023-10-31,Low,Software,HR,51.8,0,Team-A,3.7,0
TKT-0121,2023-06-04,Medium,Email,HR,25.3,0,Team-D,2.2,0
TKT-0122,2023-12-10,Medium,Email,Finance,18.5,0,Team-A,3.5,0
TKT-0123,2023-08-28,High,Software,Marketing,36.2,1,Team-D,2.7,2
TKT-0124,2023-05-04,High,Hardware,Marketing,14.8,0,Team-C,3.4,1
TKT-0125,2023-07-31,Low,Software,HR,65.6,0,Team-B,3.9,0
TKT-0126,2023-05-06,Medium,Software,Sales,8.6,0,Team-D,2.6,0
TKT-0127,2023-03-11,Medium,Network,HR,3.1,0,Team-C,2.5,0
TKT-0128,2023-01-11,Low,Network,Engineering,69.4,0,Team-C,3.5,0
TKT-0129,2023-12-03,Low,Network,Sales,29.6,0,Team-B,3.1,0
TKT-0130,2023-10-25,Medium,Email,HR,9.1,0,Team-D,4.0,1
TKT-0131,2023-10-27,High,Other,Sales,58.2,1,Team-B,1.8,2
TKT-0132,2023-07-29,High,Software,Operations,15.8,0,Team-A,2.8,0
TKT-0133,2023-12-16,Low,Hardware,HR,23.1,0,Team-B,3.3,0
TKT-0134,2023-11-07,Low,Network,Marketing,2.0,0,Team-A,4.9,0
TKT-0135,2023-12-25,High,Software,Marketing,40.0,1,Team-A,1.8,0
TKT-0136,2023-05-11,Medium,Software,Engineering,1.1,0,Team-B,4.9,0
TKT-0137,2023-11-26,High,Access,Engineering,31.9,1,Team-C,1.8,1
TKT-0138,2023-06-20,Low,Other,Sales,34.2,0,Team-A,3.2,1
TKT-0139,2023-10-08,Medium,Other,HR,25.7,0,Team-D,3.8,0
TKT-0140,2023-11-25,Medium,Hardware,Engineering,13.6,0,Team-D,3.3,0
TKT-0141,2023-11-29,Medium,Hardware,Operations,8.4,0,Team-D,2.7,1
TKT-0142,2023-12-18,Medium,Email,HR,53.1,0,Team-C,2.8,0
TKT-0143,2023-10-20,High,Hardware,Engineering,63.2,1,Team-A,3.4,2
TKT-0144,2023-04-12,Medium,Software,Marketing,65.3,0,Team-B,4.9,0
TKT-0145,2023-03-29,Medium,Email,Engineering,11.2,0,Team-A,4.9,1
TKT-0146,2023-03-02,Low,Hardware,Marketing,32.9,0,Team-B,4.0,0
TKT-0147,2023-03-08,Low,Access,Finance,21.1,0,Team-B,3.5,3
TKT-0148,2023-03-16,Medium,Network,HR,30.4,0,Team-C,3.2,0
TKT-0149,2023-02-13,High,Network,Sales,42.2,1,Team-B,2.6,1
TKT-0150,2023-08-05,Medium,Other,Operations,15.7,0,Team-C,3.2,0
TKT-0151,2023-07-01,High,Email,Marketing,67.1,1,Team-A,2.2,0
TKT-0152,2023-03-09,Medium,Email,Engineering,70.4,0,Team-B,4.0,0
TKT-0153,2023-06-12,Low,Other,Operations,63.3,0,Team-D,2.4,0
TKT-0154,2023-07-04,Critical,Access,HR,7.0,1,Team-C,3.1,0
TKT-0155,2023-06-11,Medium,Other,Sales,22.9,0,Team-B,4.7,0
TKT-0156,2023-01-28,Medium,Hardware,Finance,32.0,0,Team-A,2.6,0
TKT-0157,2023-09-11,Medium,Network,Sales,8.8,0,Team-C,4.7,3
TKT-0158,2023-03-17,Medium,Network,HR,8.5,0,Team-A,4.2,0
TKT-0159,2023-10-16,Low,Other,Operations,54.1,0,Team-B,4.5,0
TKT-0160,2023-02-09,Medium,Hardware,Sales,41.3,0,Team-A,,1
TKT-0161,2023-10-30,Medium,Network,HR,49.2,0,Team-B,3.2,0
TKT-0162,2023-05-18,Medium,Email,Marketing,34.8,0,Team-A,,0
TKT-0163,2023-10-19,Medium,Hardware,Finance,32.9,0,Team-A,4.8,1
TKT-0164,2023-11-05,Low,Access,Engineering,53.7,0,Team-D,3.6,0
TKT-0165,2023-04-17,Low,Hardware,Sales,29.0,0,Team-D,2.1,0
TKT-0166,2023-08-10,Medium,Other,HR,9.1,0,Team-B,3.5,0
TKT-0167,2023-07-18,Medium,Access,HR,14.8,0,Team-D,3.3,0
TKT-0168,2023-02-17,Medium,Network,Operations,13.8,0,Team-C,3.9,2
TKT-0169,2023-09-27,Medium,Other,Marketing,51.5,0,Team-A,4.8,0
TKT-0170,2023-03-07,Low,Other,HR,34.6,0,Team-B,2.4,0
TKT-0171,2023-08-06,Critical,Access,Engineering,0.8,0,Team-D,2.3,0
TKT-0172,2023-09-15,Medium,Network,Engineering,18.7,0,Team-D,2.2,0
TKT-0173,2023-06-02,Medium,Software,Operations,6.5,0,Team-D,4.6,1
TKT-0174,2023-04-06,Low,Hardware,Finance,24.9,0,Team-A,4.8,1
TKT-0175,2023-01-03,Low,Access,Engineering,8.1,0,Team-A,3.6,0
TKT-0176,2023-11-05,Medium,Other,Sales,62.6,0,Team-C,4.9,0
TKT-0177,2023-07-22,Medium,Software,Engineering,48.7,0,Team-B,4.1,0
TKT-0178,2023-01-14,Low,Hardware,Sales,50.3,0,Team-B,2.6,0
TKT-0179,2023-06-04,Medium,Access,Finance,57.0,0,Team-D,2.6,0
TKT-0180,2023-09-06,Low,Access,Engineering,53.3,0,Team-D,3.3,0
TKT-0181,2023-01-05,Medium,Network,Marketing,60.1,0,Team-D,2.2,2
TKT-0182,2023-05-29,Medium,Network,Sales,43.1,0,Team-D,3.7,0
TKT-0183,2023-09-07,Medium,Hardware,Marketing,49.0,0,Team-A,4.5,0
TKT-0184,2023-08-02,Medium,Access,Engineering,5.0,0,Team-D,4.7,0
TKT-0185,2023-04-09,Medium,Access,HR,31.7,0,Team-D,2.5,0
TKT-0186,2023-12-03,Low,Access,Finance,24.7,0,Team-C,3.8,1
TKT-0187,2023-07-04,Medium,Access,Finance,67.8,0,Team-B,4.0,0
TKT-0188,2023-11-07,Medium,Access,Engineering,9.7,0,Team-D,2.6,2
TKT-0189,2023-07-03,High,Software,HR,40.3,1,Team-B,3.5,0
TKT-0190,2023-02-28,Medium,Email,Finance,58.2,0,Team-A,3.0,0
TKT-0191,2023-10-13,Low,Software,Finance,56.6,0,Team-A,4.3,1
TKT-0192,2023-02-26,Medium,Network,Operations,33.2,0,Team-A,,1
TKT-0193,2023-07-05,High,Hardware,Marketing,45.5,1,Team-C,3.2,1
TKT-0194,2023-07-06,Medium,Software,Finance,62.7,0,Team-A,2.5,1
TKT-0195,2023-08-31,Medium,Software,HR,55.5,0,Team-B,2.7,0
TKT-0196,2023-03-19,Low,Email,Sales,26.3,0,Team-B,4.0,0
TKT-0197,2023-09-22,Low,Other,HR,64.7,0,Team-A,4.9,0
TKT-0198,2023-06-23,Medium,Software,Sales,37.5,0,Team-B,2.2,0
TKT-0199,2023-11-20,Critical,Other,Marketing,1.6,0,Team-C,3.7,0
TKT-0200,2023-06-10,Medium,Software,Engineering,63.0,0,Team-C,4.2,2
TKT-0201,2023-10-06,High,Email,Operations,29.4,1,Team-D,2.6,0
TKT-0202,2023-06-04,Low,Network,Engineering,29.4,0,Team-C,2.6,0
TKT-0203,2023-04-20,Low,Network,Operations,37.7,0,Team-C,3.6,0
TKT-0204,2023-10-31,High,Software,Finance,2.5,0,Team-C,4.4,1
TKT-0205,2023-11-18,High,Email,HR,4.8,0,Team-A,3.1,0
TKT-0206,2023-08-21,High,Software,Finance,21.8,0,Team-B,4.2,0
TKT-0207,2023-07-13,Low,Email,Marketing,51.6,0,Team-B,4.0,0
TKT-0208,2023-03-17,High,Other,Sales,56.2,1,Team-D,2.1,0
TKT-0209,2023-07-09,Low,Other,Operations,34.6,0,Team-D,3.3,0
TKT-0210,2023-08-05,Medium,Access,Marketing,19.4,0,Team-D,3.5,1
TKT-0211,2023-08-23,High,Hardware,Marketing,36.7,1,Team-A,2.2,0
TKT-0212,2023-03-02,Critical,Email,Sales,4.7,1,Team-A,3.3,0
TKT-0213,2023-06-05,Critical,Software,Sales,3.3,0,Team-A,5.0,1
TKT-0214,2023-05-26,Medium,Hardware,Finance,4.0,0,Team-D,4.7,0
TKT-0215,2023-06-08,High,Email,Sales,3.7,0,Team-C,3.4,1
TKT-0216,2023-09-16,Medium,Other,Sales,43.8,0,Team-D,4.3,0
TKT-0217,2023-11-16,Medium,Access,Sales,6.9,0,Team-B,3.9,2
TKT-0218,2023-02-15,Critical,Hardware,Marketing,3.8,0,Team-A,2.8,0
TKT-0219,2023-10-14,Medium,Network,Finance,40.6,0,Team-A,2.4,2
TKT-0220,2023-12-04,Low,Email,Finance,36.4,0,Team-A,2.1,0
TKT-0221,2023-02-13,Low,Email,Operations,60.5,0,Team-C,,0
TKT-0222,2023-08-01,Low,Network,Operations,2.2,0,Team-C,3.3,0
TKT-0223,2023-04-04,Low,Software,Engineering,39.2,0,Team-B,2.9,0
TKT-0224,2023-01-14,High,Other,Engineering,44.4,1,Team-C,1.8,0
TKT-0225,2023-03-03,Medium,Network,Finance,23.7,0,Team-B,3.1,1
TKT-0226,2023-02-28,Medium,Software,Engineering,54.3,0,Team-C,3.2,0
TKT-0227,2023-01-10,Medium,Software,Operations,29.6,0,Team-A,2.7,0
TKT-0228,2023-02-12,Low,Other,Operations,22.3,0,Team-B,3.2,1
TKT-0229,2023-08-05,Medium,Email,Sales,12.5,0,Team-A,2.7,0
TKT-0230,2023-01-01,Low,Network,Sales,21.2,0,Team-C,4.9,0
TKT-0231,2023-10-27,Medium,Email,HR,25.6,0,Team-A,3.9,0
TKT-0232,2023-03-13,High,Other,Operations,6.9,0,Team-C,4.1,1
TKT-0233,2023-06-25,Medium,Other,HR,57.8,0,Team-D,4.7,0
TKT-0234,2023-06-18,Medium,Network,Marketing,15.6,0,Team-B,,0
TKT-0235,2023-07-31,Medium,Email,Marketing,65.0,0,Team-D,4.0,1
TKT-0236,2023-01-16,Low,Other,Sales,46.9,0,Team-A,2.2,0
TKT-0237,2023-12-23,Low,Network,Engineering,26.1,0,Team-D,2.5,0
TKT-0238,2023-12-30,Critical,Software,Finance,6.2,1,Team-A,2.7,1
TKT-0239,2023-07-05,Low,Network,HR,16.3,0,Team-D,4.9,2
TKT-0240,2023-07-22,High,Network,HR,14.5,0,Team-D,4.5,0
TKT-0241,2023-03-31,Medium,Network,Operations,48.6,0,Team-B,3.8,1
TKT-0242,2023-05-21,Low,Hardware,Marketing,61.7,0,Team-A,4.6,3
TKT-0243,2023-08-21,Medium,Network,Sales,18.6,0,Team-A,3.7,1
TKT-0244,2023-09-23,Low,Access,Sales,29.6,0,Team-C,,0
TKT-0245,2023-09-30,Medium,Access,HR,3.9,0,Team-A,4.8,0
TKT-0246,2023-04-26,Low,Other,Sales,58.2,0,Team-A,5.0,2
TKT-0247,2023-01-15,Medium,Access,Sales,5.0,0,Team-A,3.9,0
TKT-0248,2023-05-03,Medium,Software,Engineering,18.4,0,Team-C,2.3,0
TKT-0249,2023-02-18,High,Other,Sales,43.4,1,Team-A,2.1,0
TKT-0250,2023-03-07,Critical,Network,Sales,6.9,1,Team-A,1.2,0
TKT-0251,2023-05-31,High,Access,Sales,48.9,1,Team-A,2.4,0
TKT-0252,2023-08-21,Low,Access,Sales,56.8,0,Team-D,3.9,1
TKT-0253,2023-08-21,Medium,Email,HR,67.5,0,Team-B,,0
TKT-0254,2023-10-21,Medium,Hardware,Marketing,42.9,0,Team-C,4.5,0
TKT-0255,2023-01-23,Medium,Network,Finance,13.8,0,Team-C,2.4,0
TKT-0256,2023-10-05,Medium,Hardware,Finance,26.1,0,Team-D,3.8,0
TKT-0257,2023-12-14,Medium,Hardware,Engineering,1.1,0,Team-B,3.8,0
TKT-0258,2023-04-13,Low,Other,Finance,30.7,0,Team-A,2.6,0
TKT-0259,2023-06-19,Medium,Email,Operations,70.7,0,Team-C,3.8,0
TKT-0260,2023-01-22,High,Access,Finance,33.0,1,Team-A,3.0,0
TKT-0261,2023-06-19,Medium,Other,Sales,15.7,0,Team-B,3.4,0
TKT-0262,2023-03-14,Critical,Software,Sales,3.2,0,Team-B,3.7,0
TKT-0263,2023-05-26,Medium,Hardware,Finance,70.2,0,Team-C,2.6,1
TKT-0264,2023-05-15,Medium,Network,Engineering,13.3,0,Team-B,2.1,0
TKT-0265,2023-05-03,High,Software,HR,67.4,1,Team-B,1.8,2
TKT-0266,2023-02-03,Low,Network,Finance,63.5,0,Team-B,4.6,1
TKT-0267,2023-11-22,Medium,Hardware,Engineering,27.3,0,Team-B,3.8,1
TKT-0268,2023-05-24,High,Hardware,Operations,18.2,0,Team-D,3.9,0
TKT-0269,2023-09-18,Medium,Access,Marketing,47.9,0,Team-C,2.2,0
TKT-0270,2023-09-11,Medium,Access,HR,27.2,0,Team-D,4.1,0
TKT-0271,2023-08-20,Medium,Hardware,Sales,15.3,0,Team-B,4.7,0
TKT-0272,2023-10-09,Medium,Network,Finance,67.4,0,Team-A,3.1,0
TKT-0273,2023-06-22,High,Access,Sales,3.4,0,Team-D,3.5,0
TKT-0274,2023-08-15,Medium,Hardware,HR,20.0,0,Team-A,2.1,0
TKT-0275,2023-05-22,Low,Hardware,Engineering,37.2,0,Team-A,,0
TKT-0276,2023-06-04,High,Other,Marketing,14.6,0,Team-C,3.0,0
TKT-0277,2023-10-06,High,Software,Engineering,61.6,1,Team-C,2.8,0
TKT-0278,2023-12-02,Low,Network,Sales,68.1,0,Team-B,4.5,1
TKT-0279,2023-10-28,Medium,Email,Sales,15.5,0,Team-D,2.7,0
TKT-0280,2023-08-02,Low,Hardware,Sales,31.2,0,Team-D,,1
TKT-0281,2023-01-05,High,Access,Marketing,63.0,1,Team-C,1.8,0
TKT-0282,2023-10-03,Medium,Software,HR,29.3,0,Team-A,,0
TKT-0283,2023-10-18,High,Other,Operations,70.4,1,Team-D,3.5,3
TKT-0284,2023-02-25,Medium,Software,Operations,38.7,0,Team-D,2.6,0
TKT-0285,2023-12-19,High,Email,Sales,48.8,1,Team-A,1.4,0
TKT-0286,2023-12-04,Low,Email,Engineering,20.8,0,Team-D,2.7,0
TKT-0287,2023-03-22,High,Network,Finance,62.0,1,Team-D,2.0,0
TKT-0288,2023-04-16,Low,Software,Sales,62.4,0,Team-D,2.4,0
TKT-0289,2023-08-23,Medium,Software,Finance,15.0,0,Team-A,4.2,3
TKT-0290,2023-06-18,Low,Email,Sales,43.7,0,Team-D,,0
TKT-0291,2023-06-27,High,Other,Marketing,46.7,1,Team-C,3.3,0
TKT-0292,2023-11-13,Low,Other,Sales,30.2,0,Team-D,2.5,0
TKT-0293,2023-01-23,Medium,Hardware,Finance,7.3,0,Team-C,4.1,1
TKT-0294,2023-04-22,Medium,Access,Sales,5.3,0,Team-A,4.2,3
TKT-0295,2023-08-19,High,Hardware,HR,55.3,1,Team-B,1.8,0
TKT-0296,2023-07-15,High,Software,Marketing,50.2,1,Team-D,2.9,1
TKT-0297,2023-08-26,Critical,Access,Sales,7.4,1,Team-A,1.8,0
TKT-0298,2023-05-23,Medium,Hardware,Finance,31.8,0,Team-A,3.4,0
TKT-0299,2023-12-10,High,Network,Marketing,53.5,1,Team-C,1.4,0
TKT-0300,2023-04-21,High,Access,Marketing,3.0,0,Team-A,4.0,1
TKT-0301,2023-07-19,Medium,Other,HR,51.7,0,Team-D,,0
TKT-0302,2023-07-11,Low,Hardware,Finance,55.3,0,Team-A,,0
TKT-0303,2023-02-19,Critical,Other,Finance,5.6,1,Team-B,1.2,0
TKT-0304,2023-11-16,Low,Hardware,Operations,23.6,0,Team-D,3.9,2
TKT-0305,2023-07-25,High,Other,HR,26.0,1,Team-A,1.4,0
TKT-0306,2023-07-08,High,Network,Engineering,58.8,1,Team-B,2.6,0
TKT-0307,2023-10-19,Medium,Hardware,HR,71.3,0,Team-A,4.1,0
TKT-0308,2023-12-22,Medium,Hardware,HR,49.0,0,Team-B,4.9,0
TKT-0309,2023-06-21,Medium,Network,Operations,61.4,0,Team-D,3.4,0
TKT-0310,2023-04-30,High,Network,Operations,42.5,1,Team-A,3.5,0
TKT-0311,2023-07-11,Low,Access,HR,44.8,0,Team-B,2.2,0
TKT-0312,2023-06-18,Critical,Hardware,HR,5.0,1,Team-C,3.4,0
TKT-0313,2023-05-28,Medium,Network,Finance,70.4,0,Team-C,3.9,0
TKT-0314,2023-12-18,High,Other,Marketing,66.1,1,Team-B,3.5,0
TKT-0315,2023-09-09,Medium,Network,Finance,32.1,0,Team-A,2.0,0
TKT-0316,2023-04-15,High,Hardware,Operations,7.1,0,Team-A,3.8,0
TKT-0317,2023-11-07,High,Hardware,HR,14.6,0,Team-C,3.3,0
TKT-0318,2023-07-04,High,Access,Sales,62.2,1,Team-B,2.2,0
TKT-0319,2023-09-04,Medium,Network,Sales,31.5,0,Team-D,2.5,1
TKT-0320,2023-03-31,Low,Software,Sales,43.1,0,Team-D,2.5,0
TKT-0321,2023-08-29,Medium,Hardware,Finance,34.9,0,Team-B,3.0,0
TKT-0322,2023-08-01,Medium,Access,Marketing,27.3,0,Team-C,3.2,0
TKT-0323,2023-03-05,Low,Access,Operations,5.6,0,Team-B,4.7,0
TKT-0324,2023-09-18,Medium,Other,Sales,65.8,0,Team-C,4.2,0
TKT-0325,2023-01-18,Low,Software,Marketing,53.1,0,Team-A,2.7,0
TKT-0326,2023-05-11,Medium,Hardware,Operations,33.1,0,Team-B,4.0,0
TKT-0327,2023-10-28,Medium,Network,Operations,66.1,0,Team-B,3.2,1
TKT-0328,2023-09-30,Medium,Other,Sales,50.0,0,Team-C,3.5,1
TKT-0329,2023-10-21,Low,Software,Finance,62.7,0,Team-C,2.3,1
TKT-0330,2023-09-09,Medium,Network,Engineering,22.5,0,Team-A,5.0,1
TKT-0331,2023-04-01,Medium,Software,Finance,21.1,0,Team-B,3.3,0
TKT-0332,2023-04-06,Low,Hardware,Engineering,32.7,0,Team-B,4.4,1
TKT-0333,2023-11-16,Low,Network,Marketing,62.8,0,Team-B,3.3,0
TKT-0334,2023-05-01,High,Access,Sales,5.1,0,Team-A,2.1,0
TKT-0335,2023-01-22,Low,Network,Finance,48.1,0,Team-A,4.4,0
TKT-0336,2023-06-22,Low,Email,Sales,19.5,0,Team-C,3.5,0
TKT-0337,2023-12-07,Low,Access,Sales,58.9,0,Team-A,4.8,2
TKT-0338,2023-07-25,Low,Other,Finance,0.7,0,Team-A,4.6,0
TKT-0339,2023-07-08,Medium,Access,Operations,50.5,0,Team-D,4.4,0
TKT-0340,2023-11-21,Critical,Software,Engineering,7.6,1,Team-C,1.8,0
TKT-0341,2023-06-28,Medium,Access,Sales,53.4,0,Team-A,4.4,1
TKT-0342,2023-10-20,High,Other,Operations,10.7,0,Team-A,3.6,0
TKT-0343,2023-08-28,Medium,Hardware,Sales,48.6,0,Team-A,3.6,0
TKT-0344,2023-12-25,High,Network,Engineering,12.7,0,Team-D,,3
TKT-0345,2023-05-24,Low,Hardware,Marketing,23.8,0,Team-C,3.2,0
TKT-0346,2023-11-21,Medium,Other,Sales,48.1,0,Team-A,4.8,1
TKT-0347,2023-02-03,High,Other,HR,41.7,1,Team-D,3.3,2
TKT-0348,2023-08-12,Medium,Hardware,Finance,47.3,0,Team-C,4.4,0
TKT-0349,2023-03-01,High,Email,HR,53.5,1,Team-B,3.3,1
TKT-0350,2023-10-02,Medium,Hardware,Sales,0.6,0,Team-D,2.2,0
TKT-0351,2023-11-05,Medium,Email,Finance,57.5,0,Team-A,3.6,0
TKT-0352,2023-04-23,Medium,Access,Marketing,10.8,0,Team-D,4.8,0
TKT-0353,2023-01-18,Medium,Email,HR,61.2,0,Team-C,4.5,0
TKT-0354,2023-11-20,Medium,Hardware,Sales,61.1,0,Team-C,3.7,1
TKT-0355,2023-04-18,Low,Other,Finance,24.3,0,Team-A,4.5,2
TKT-0356,2023-12-04,Low,Hardware,Engineering,52.5,0,Team-D,2.9,0
TKT-0357,2023-09-28,Low,Other,HR,54.7,0,Team-C,3.2,0
TKT-0358,2023-10-25,Low,Network,Marketing,28.7,0,Team-C,2.4,0
TKT-0359,2023-03-16,High,Hardware,Finance,50.3,1,Team-B,,1
TKT-0360,2023-03-17,Medium,Access,Sales,41.7,0,Team-B,4.0,2
TKT-0361,2023-09-21,Low,Other,HR,13.3,0,Team-D,2.2,2
TKT-0362,2023-09-08,Medium,Software,Marketing,2.9,0,Team-B,2.7,0
TKT-0363,2023-08-26,Medium,Other,Sales,57.4,0,Team-C,4.0,0
TKT-0364,2023-09-18,Critical,Hardware,Engineering,1.4,0,Team-D,3.9,0
TKT-0365,2023-11-27,Low,Other,Sales,13.4,0,Team-C,3.5,0
TKT-0366,2023-04-05,High,Access,Marketing,65.5,1,Team-A,3.0,0
TKT-0367,2023-10-27,Low,Email,Marketing,38.4,0,Team-A,2.2,1
TKT-0368,2023-12-22,Medium,Hardware,Engineering,8.9,0,Team-D,4.6,1
TKT-0369,2023-10-15,High,Software,Engineering,15.2,0,Team-A,2.5,2
TKT-0370,2023-12-03,Medium,Network,Finance,39.4,0,Team-C,3.3,0
TKT-0371,2023-03-13,Low,Email,Sales,21.5,0,Team-C,3.6,0
TKT-0372,2023-02-20,Medium,Other,Engineering,39.0,0,Team-B,2.6,0
TKT-0373,2023-10-10,Low,Hardware,Operations,15.9,0,Team-C,2.4,0
TKT-0374,2023-11-29,Medium,Hardware,Sales,39.8,0,Team-D,2.8,0
TKT-0375,2023-02-06,Medium,Other,Marketing,50.2,0,Team-C,3.6,3
TKT-0376,2023-09-19,High,Email,Finance,27.1,1,Team-D,2.6,1
TKT-0377,2023-05-07,Low,Network,HR,27.6,0,Team-A,4.9,0
TKT-0378,2023-06-20,Medium,Software,Finance,24.0,0,Team-B,2.3,0
TKT-0379,2023-03-05,Low,Hardware,Operations,16.4,0,Team-C,4.9,0
TKT-0380,2023-05-25,High,Email,HR,25.4,1,Team-A,2.4,1
TKT-0381,2023-12-14,Low,Email,Operations,28.4,0,Team-D,3.0,0
TKT-0382,2023-07-13,Critical,Email,Marketing,1.7,0,Team-C,2.4,0
TKT-0383,2023-11-08,Low,Access,Marketing,51.1,0,Team-D,2.7,0
TKT-0384,2023-08-08,Low,Email,Marketing,36.4,0,Team-B,2.8,0
TKT-0385,2023-02-16,Low,Other,Engineering,29.6,0,Team-A,2.9,1
TKT-0386,2023-10-11,High,Access,Engineering,4.6,0,Team-D,4.2,0
TKT-0387,2023-12-13,High,Email,Marketing,36.1,1,Team-A,2.7,0
TKT-0388,2023-12-26,Low,Email,Marketing,53.8,0,Team-C,4.1,0
TKT-0389,2023-09-28,Low,Other,Operations,59.4,0,Team-A,4.6,0
TKT-0390,2023-04-26,Medium,Hardware,Engineering,63.6,0,Team-C,3.6,1
TKT-0391,2023-07-11,Low,Network,HR,30.7,0,Team-B,3.1,1
TKT-0392,2023-05-16,Low,Hardware,Engineering,21.2,0,Team-D,3.4,0
TKT-0393,2023-01-19,Low,Access,Operations,46.5,0,Team-D,,0
TKT-0394,2023-06-29,Medium,Other,Finance,21.8,0,Team-D,2.3,0
TKT-0395,2023-03-20,Medium,Access,Engineering,6.6,0,Team-D,3.5,0
TKT-0396,2023-07-06,Medium,Access,Finance,34.2,0,Team-C,3.1,0
TKT-0397,2023-08-11,Low,Network,HR,12.1,0,Team-B,3.1,0
TKT-0398,2023-01-17,High,Hardware,Marketing,30.6,1,Team-B,1.8,2
TKT-0399,2023-09-11,Low,Other,Marketing,9.0,0,Team-B,3.5,0
TKT-0400,2023-07-19,Low,Hardware,Engineering,36.4,0,Team-A,4.8,1
TKT-0401,2023-01-27,Medium,Other,HR,1.5,0,Team-D,4.1,2
TKT-0402,2023-08-08,Medium,Hardware,Operations,21.2,0,Team-B,3.5,1
TKT-0403,2023-12-25,Medium,Hardware,Marketing,8.7,0,Team-D,2.8,0
TKT-0404,2023-04-03,Low,Hardware,Operations,50.6,0,Team-B,3.5,0
TKT-0405,2023-11-12,Critical,Hardware,Engineering,7.5,1,Team-A,2.1,0
TKT-0406,2023-08-07,Medium,Access,Engineering,70.6,0,Team-D,2.7,0
TKT-0407,2023-08-03,Medium,Hardware,HR,20.6,0,Team-A,,0
TKT-0408,2023-05-24,Medium,Email,Engineering,23.5,0,Team-D,2.9,0
TKT-0409,2023-01-07,Medium,Other,Operations,22.3,0,Team-B,2.3,0
TKT-0410,2023-07-10,Medium,Hardware,Marketing,56.2,0,Team-C,3.6,0
TKT-0411,2023-03-03,Low,Network,Operations,9.8,0,Team-B,4.2,0
TKT-0412,2023-06-04,High,Other,Sales,67.8,1,Team-B,2.5,0
TKT-0413,2023-10-14,High,Software,HR,30.4,1,Team-D,2.8,0
TKT-0414,2023-09-15,Medium,Network,Finance,35.0,0,Team-C,3.6,0
TKT-0415,2023-07-23,Critical,Access,Marketing,6.5,1,Team-A,2.7,0
TKT-0416,2023-05-20,Medium,Hardware,Finance,56.2,0,Team-A,3.2,0
TKT-0417,2023-08-22,Medium,Email,Marketing,63.4,0,Team-C,4.4,0
TKT-0418,2023-01-24,Medium,Email,Finance,40.0,0,Team-C,2.5,0
TKT-0419,2023-01-27,Low,Other,Finance,66.8,0,Team-B,,0
TKT-0420,2023-02-12,Medium,Other,Operations,43.8,0,Team-C,3.1,1
TKT-0421,2023-01-06,Medium,Software,Finance,23.7,0,Team-C,2.2,0
TKT-0422,2023-10-26,Medium,Network,Marketing,70.5,0,Team-D,4.3,2
TKT-0423,2023-08-15,Medium,Hardware,HR,43.7,0,Team-C,2.6,0
TKT-0424,2023-08-11,Low,Software,Finance,28.8,0,Team-D,3.3,0
TKT-0425,2023-09-09,High,Other,Finance,62.2,1,Team-C,1.5,0
TKT-0426,2023-02-05,High,Hardware,Engineering,28.7,1,Team-D,2.5,0
TKT-0427,2023-01-07,Low,Email,Engineering,7.7,0,Team-D,3.6,0
TKT-0428,2023-02-12,Critical,Software,Finance,7.5,1,Team-A,,1
TKT-0429,2023-12-29,Low,Network,Finance,39.3,0,Team-B,4.5,0
TKT-0430,2023-03-21,Medium,Hardware,Engineering,12.2,0,Team-C,3.0,0
TKT-0431,2023-09-19,Low,Access,Finance,7.9,0,Team-A,,2
TKT-0432,2023-04-26,Medium,Other,Sales,11.0,0,Team-A,4.0,0
TKT-0433,2023-02-09,High,Email,HR,68.9,1,Team-A,1.7,0
TKT-0434,2023-08-08,High,Email,HR,3.6,0,Team-B,2.5,0
TKT-0435,2023-06-28,Medium,Network,HR,22.1,0,Team-D,4.5,0
TKT-0436,2023-01-02,Low,Hardware,Marketing,51.4,0,Team-B,2.2,0
TKT-0437,2023-02-04,Medium,Network,Operations,56.7,0,Team-D,3.4,2
TKT-0438,2023-07-17,High,Software,HR,71.6,1,Team-D,1.5,0
TKT-0439,2023-12-01,Medium,Hardware,Sales,57.2,0,Team-D,3.0,0
TKT-0440,2023-02-12,Medium,Email,Marketing,38.8,0,Team-D,2.7,0
TKT-0441,2023-07-05,Low,Network,Finance,16.2,0,Team-A,2.3,0
TKT-0442,2023-07-04,High,Hardware,HR,8.4,0,Team-D,4.7,0
TKT-0443,2023-04-25,Low,Network,Marketing,65.8,0,Team-B,2.7,0
TKT-0444,2023-08-06,High,Software,Engineering,52.9,1,Team-A,2.7,0
TKT-0445,2023-07-07,Low,Hardware,Engineering,62.7,0,Team-B,2.1,0
TKT-0446,2023-03-13,Low,Other,Operations,11.2,0,Team-C,2.5,0
TKT-0447,2023-02-26,Medium,Hardware,Engineering,46.6,0,Team-A,2.0,0
TKT-0448,2023-08-21,High,Email,Marketing,28.8,1,Team-C,2.1,2
TKT-0449,2023-02-17,Medium,Email,Sales,30.8,0,Team-B,2.5,1
TKT-0450,2023-10-14,High,Email,Engineering,28.5,1,Team-D,3.1,0
TKT-0451,2023-07-10,Medium,Other,Sales,27.7,0,Team-B,2.2,0
TKT-0452,2023-05-03,Medium,Software,Finance,56.2,0,Team-A,3.0,0
TKT-0453,2023-11-23,Low,Network,Finance,22.6,0,Team-C,3.7,0
TKT-0454,2023-02-17,Critical,Software,Engineering,4.1,1,Team-C,1.1,1
TKT-0455,2023-07-02,Medium,Hardware,Marketing,23.0,0,Team-A,3.2,0
TKT-0456,2023-01-13,Medium,Email,Sales,36.4,0,Team-D,4.3,0
TKT-0457,2023-11-17,Medium,Network,Marketing,11.3,0,Team-B,3.4,1
TKT-0458,2023-09-14,Medium,Email,Marketing,55.5,0,Team-C,2.5,0
TKT-0459,2023-01-21,Medium,Other,Marketing,45.1,0,Team-D,4.8,0
TKT-0460,2023-09-12,Medium,Network,Engineering,69.0,0,Team-B,3.7,1
TKT-0461,2023-09-13,Low,Network,Sales,57.5,0,Team-C,4.7,0
TKT-0462,2023-02-06,High,Hardware,Marketing,41.7,1,Team-D,1.9,0
TKT-0463,2023-03-13,Medium,Network,Operations,63.2,0,Team-D,4.0,0
TKT-0464,2023-03-08,Medium,Access,HR,61.8,0,Team-C,4.8,0
TKT-0465,2023-12-16,Medium,Network,Operations,19.3,0,Team-A,4.6,1
TKT-0466,2023-05-29,Low,Access,Finance,1.1,0,Team-D,4.6,1
TKT-0467,2023-08-28,Low,Other,Operations,48.3,0,Team-D,3.0,0
TKT-0468,2023-08-10,High,Hardware,Sales,69.1,1,Team-C,2.0,0
TKT-0469,2023-02-28,Medium,Software,Sales,15.7,0,Team-A,4.2,0
TKT-0470,2023-11-04,High,Access,Engineering,15.8,0,Team-C,3.7,1
TKT-0471,2023-12-17,High,Access,HR,15.6,0,Team-C,2.1,0
TKT-0472,2023-12-31,High,Access,Sales,29.5,1,Team-B,1.7,0
TKT-0473,2023-06-25,Low,Software,Finance,7.1,0,Team-B,4.7,0
TKT-0474,2023-12-23,Medium,Access,HR,49.8,0,Team-D,2.5,1
TKT-0475,2023-10-24,Low,Email,Finance,14.7,0,Team-C,4.2,0
TKT-0476,2023-01-08,Medium,Hardware,Sales,59.5,0,Team-B,4.2,0
TKT-0477,2023-01-02,Low,Access,Finance,48.7,0,Team-D,2.8,0
TKT-0478,2023-03-27,Critical,Email,Sales,1.9,0,Team-B,4.1,0
TKT-0479,2023-07-06,Low,Network,HR,41.7,0,Team-C,2.0,0
TKT-0480,2023-07-30,Medium,Software,HR,46.9,0,Team-D,3.4,0
TKT-0481,2023-04-01,High,Email,Operations,13.1,0,Team-B,3.3,0
TKT-0482,2023-05-26,Low,Other,Operations,49.7,0,Team-A,3.3,3
TKT-0483,2023-07-30,High,Network,Sales,46.9,1,Team-A,2.5,0
TKT-0484,2023-04-19,Low,Hardware,Sales,48.2,0,Team-D,4.6,0
TKT-0485,2023-08-26,Low,Access,Marketing,25.6,0,Team-D,4.4,0
TKT-0486,2023-05-16,High,Software,Sales,20.8,0,Team-B,4.6,0
TKT-0487,2023-09-23,Critical,Other,Operations,6.4,1,Team-C,3.1,0
TKT-0488,2023-04-09,Low,Email,Marketing,17.8,0,Team-D,4.9,1
TKT-0489,2023-03-30,Medium,Access,HR,9.7,0,Team-B,3.9,0
TKT-0490,2023-07-20,Low,Other,HR,36.6,0,Team-B,3.9,2
TKT-0491,2023-10-31,High,Hardware,Engineering,31.8,1,Team-A,,0
TKT-0492,2023-07-03,Medium,Hardware,Finance,70.8,0,Team-B,3.9,0
TKT-0493,2023-05-14,High,Other,Engineering,56.3,1,Team-C,3.0,0
TKT-0494,2023-11-02,Critical,Network,Engineering,7.0,1,Team-B,1.3,0
TKT-0495,2023-04-17,High,Access,Engineering,35.8,1,Team-D,1.9,1
TKT-0496,2023-08-03,Medium,Access,HR,45.2,0,Team-D,2.6,1
TKT-0497,2023-01-17,Critical,Network,HR,4.8,1,Team-C,2.5,0
TKT-0498,2023-03-04,Medium,Hardware,Operations,11.8,0,Team-A,4.2,0
TKT-0499,2023-04-22,Low,Network,HR,16.0,0,Team-B,3.1,0
TKT-0500,2023-02-17,Low,Software,Marketing,19.6,0,Team-C,3.4,0
